"Name","10X","10X","10x","111","1347","1347","180","180","180","1-800-FLOWERS.COM","1847","1895","1Life","1st","1st","21Vianet","22nd","2U","360","36Kr","3D","3M","5:01","500.com","51job","89bio","8x8","8x8","9","9F","A.H.","A.O","A10","AAON","AAR","Aarons","ABB","Abbott","AbbVie","Abcam","Abeona","Abercrombie","Aberdeen","Aberdeen","Aberdeen","Aberdeen","Aberdeen","Aberdeen","Aberdeen","Aberdeen","Aberdeen","Aberdeen","ABIOMED","ABM","Abraxas","Absolute","AC","Acacia","Acacia","Academy","Acadia","ACADIA","Acadia","Acamar","Acamar","Acamar","Acasti","Accel","Accelerate","Accelerated","Acceleron","Accenture","Acco","Accolade","Accuray","ACE","ACE","ACE","ACell","AcelRx","Acer","Achieve","ACI","Acies","Aclaris","ACM","Acme","ACNB","ACON","ACON","ACON","Acorda","Acorn","Actinium","Activision","Acuity","Acushnet","Acutus","Adamas","Adamis","Adams","Adams","Adams","AdaptHealth","Adaptimmune","Adaptive","ADC","Addex","Addus","ADDvantage","Adecoagro","Adial","Adial","Adicet","Adient","ADiTx","ADMA","Adobe","ADT","Adtalem","ADTRAN","Advance","Advanced","Advanced","Advanced","Advanced","AdvanSix","Advantage","Advantage","Advaxis","Advent","Adverum","AdvisorShares","AdvisorShares","AdvisorShares","AdvisorShares","AdvisorShares","AEA-Bridges","AECOM","Aegion","Aeglea","Aegon","Aegon","Aegon","Aehr","Aemetis","Aenza","Aercap","Aerie","AeroCentury","Aerojet","AeroVironment","Aerpio","Aesthetic","AEterna","Aethlon","Affiliated","Affiliated","Affiliated","Affimed","Aflac","Afya","AG","AG","AG","AG","AGBA","AGBA","AGBA","AGBA","AGCO","AgEagle","Agenus","AgeX","Agile","Agilent","Agilysys","Agios","AGM","AGNC","AGNC","AGNC","AGNC","AGNC","Agnico","Agora","Agree","AgroFresh","AIkido","Aileron","Air","Air","Air","Air","Air","Air","Air","Air","Airgain","AirNet","Ajax","Akamai","Akari","Akebia","Akerna","Akerna","Akero","Akers","Akouos","Akoustis","Akumin","Alabama","Alamo","Alamos","Alarm.com","Alaska","Alaska","Albany","Albemarle","Alberton","Alberton","Alberton","Alberton","Albertsons","Albireo","Alcoa","Alcon","Aldeyra","Alector","Alerus","Alexander","Alexander&#39;s","Alexandria","Alexco","Alexion","Algonquin","Algonquin","Algonquin","Alibaba","Alico","Alight","Align","Aligos","Alimera","Alithya","ALJ","Alkermes","Allakos","Alleghany","Allegheny","Allegiance","Allegiant","Allegion","Allegro","Allena","Allete","Alliance","Alliance","Alliance","Alliance","AllianceBernstein","Alliant","AllianzGI","AllianzGI","AllianzGI","AllianzGI","AllianzGI","AllianzGI","AllianzGI","AllianzGI","AllianzGI","Allied","Allied","Allied","Allison","Allogene","Allot","AlloVir","Allscripts","Allstate","Allstate","Allstate","Allstate","Allstate","Ally","Ally","Almaden","Alnylam","Alpha","Alpha","Alpha","Alpha","Alpha","Alphabet","Alphabet","AlphaMark","Alphatec","Alpine","Alpine","Alta","Alta","Altabancorp","Altair","Altera","Altera","Altera","Alterity","Alteryx","Altice","Altimar","Altimeter","Altimmune","Altisource","Altisource","Altitude","Altitude","Altra","Altria","Altus","Aluminum","Alussa","Alussa","Alussa","ALX","AMAG","Amalgamated","Amarin","A-Mark","Amazon.com","Ambac","Ambac","Ambac","Ambarella","Ambev","Ambow","AMC","AMC","AMCI","AMCI","AMCI","AMCON","Amcor","Amdocs","Amedisys","Amerant","Amerant","Amerco","Ameren","Ameresco","Ameri","Ameri","America","America","America","America","American","American","American","American","American","American","American","American","American","American","American","American","American","American","American","American","American","American","American","American","American","American","American","American","American","American","American","American","American","American","American","American","American","American","American","American","American","American","American","American","American","American","American","American","American","American","American","America&#39;s","Americas","Americold","AMERIPRISE","Ameris","AMERISAFE","AmeriServ","AmeriServ","AmerisourceBergen","Ames","Amesite","Amgen","Amicus","Amkor","AMN","Amneal","Ampco-Pittsburgh","Ampco-Pittsburgh","Amphastar","Amphenol","Ampio","Amplify","Amplitude","Amplitude","Amplitude","AMREP","Amryt","AMTD","Amtech","AMTEK","Amyris","Analog","Anaplan","AnaptysBio","Anavex","Anchiano","Andina","Andina","Andina","Andina","Angel","Angel","ANGI","AngioDynamics","AngloGold","Anheuser-Busch","ANI","Anika","Anixa","Annaly","Annaly","Annaly","Annaly","Annaly","Annexon","Annovis","AnPac","ANSYS","Antares","Antelope","Anterix","Antero","Antero","Anthem","Anworth","Anworth","Anworth","Anworth","Aon","Apache","Apartment","Apellis","Apex","Apex","Apex","Aphria","APi","Apogee","Apollo","Apollo","Apollo","Apollo","Apollo","Apollo","Apollo","Apollo","Apollo","Apollo","AppFolio","Appian","Apple","Apple","Applied","Applied","Applied","Applied","Applied","Applied","Applied","Applied","Aprea","AptarGroup","Aptevo","Aptinyx","Aptiv","Aptiv","Aptorum","Aptose","Apyx","Aqua","AquaBounty","Aquestive","Aramark","Aravive","Arbor","Arbor","Arbor","Arbor","Arbutus","ARC","ARCA","Arcadia","ArcBest","ArcelorMittal","ArcelorMittal","Arch","Arch","Arch","Arch","Archer-Daniels-Midland","Archrock","Arcimoto","ArcLight","Arco","Arconic","Arcos","Arcosa","Arcturus","Arcus","Arcutis","Ardagh","Ardelyx","Ardmore","Arena","Ares","Ares","Ares","Ares","Ares","Ares","Argan","argenx","Argo","Argo","Argo","Aridis","Arista","Ark","Arlington","Arlington","Arlington","Arlington","Arlington","Arlo","Armada","Armada","Armata","ARMOUR","ARMOUR","Armstrong","Armstrong","Array","Arrow","Arrow","Arrow","Arrow","Arrowhead","Artelo","Artelo","Artesian","Arthur","Artisan","Artius","Artius","Artius","Art&#39;s-Way","Arvinas","ARYA","ASA","Asana","Asbury","Ascendant","Ascendant","Ascendant","Ascendis","ASE","ASGN","Ashford","Ashford","Ashford","Ashford","Ashford","Ashford","Ashford","Ashland","Asia","ASLAN","ASML","Aspen","Aspen","Aspen","Aspen","Aspen","Aspen","Aspira","Aspirational","Aspirational","Aspirational","Assembly","Assertio","AssetMark","Associated","Associated","Associated","Associated","Associated","Associated","Assurant","Assurant","Assured","Assured","Assured","Assured","Astec","Astrazeneca","Astronics","AstroNova","Astrotech","Asure","At","AT&T","AT&T","AT&T","AT&T","AT&T","ATA","Atara","Atea","Atento","Athene","Athene","Athene","Athene","Athenex","Athersys","Athira","ATIF","Atkore","Atlantic","Atlantic","Atlantic","Atlantic","Atlantic","Atlantic","Atlantic","Atlantic","Atlantica","Atlanticus","Atlas","Atlas","Atlas","Atlas","Atlas","Atlas","Atlas","Atlas","Atlas","Atlas","Atlassian","Atmos","ATN","Atomera","Atossa","Atreca","AtriCure","Atrion","aTyr","Auburn","Auddia","Auddia","AudioCodes","AudioEye","Aurinia","Auris","Aurora","Aurora","Autodesk","Autohome","Autoliv","Autolus","Automatic","AutoNation","AutoWeb","AutoZone","Avadel","Avadim","Avalara","Avalon","Avalon","AvalonBay","Avangrid","Avanos","Avanti","Avantor","Avantor","Avaya","Avenue","AVEO","Avery","Aviat","Avid","Avid","Avid","Avidity","Avient","Avinger","Avino","Avis","Avista","Avita","Avnet","AVROBIO","Aware","Axalta","Axcelis","Axcella","Axis","Axis","AxoGen","Axon","Axonics","Axos","Axos","Axsome","AXT","Ayala","AYRO","Aytu","Aziyo","Azul","Azure","AzurRx","AZZ","B&G","B.","B.","B.","B.","B.","B.","B.","B.","B.","B.","B.","B.","B.","B.O.S.","B2Gold","Babcock","Babson","Badger","Baidu","Bain","Baker","Balchem","BalckRock","Ball","Ballantyne","Ballard","Bally&#39;s","Banc","Banc","Banc","BancFirst","BancFirst","Banco","Banco","Banco","Banco","Banco","Banco","Banco","Banco","Banco","Banco","Banco","BanColombia","BancorpSouth","BancorpSouth","Bancroft","Bancroft","Bandwidth","Bank","Bank","Bank","Bank","Bank","Bank","Bank","Bank","Bank","Bank","Bank","Bank","Bank","Bank","Bank","Bank","Bank","Bank","Bank","Bank","Bank","Bank","Bank","Bank","Bank","Bank7","BankFinancial","BankUnited","Bankwell","Banner","Baozun","Bar","Barclays","Barclays","Barclays","Barclays","Barings","Barings","Barings","Barnes","Barnes","Barnwell","Barrett","Barrick","Barrick","Bassett","BATS","Battalion","Baudax","Bausch","Baxter","BayCom","Baytex","BBQ","BCB","BCE","BCLS","BCTG","Beacon","Beam","Beam","Beam","Beasley","Beazer","Becton","Becton","Bed","BeiGene","Bel","Bel","Belden","Bellerophon","Bellicum","BellRing","BELLUS","Benchmark","Benefitfocus","Benitec","Bentley","Berkeley","Berkshire","Berkshire","Berkshire","Berry","Berry","Best","BEST","BETTER","Betterware","Beyond","Beyond","BeyondSpring","BG","BGC","BHP","BHP","Bicycle","Big","Big","Big","Big","Big","Big","BigCommerce","Biglari","Biglari","Bilibili","Bill.com","Bioanalytical","BioCardia","BioCardia","Biocept","Bioceres","BioCryst","BioDelivery","Biodesix","Biofrontera","Biogen","Biohaven","BioHiTech","BIO-key","Biolase","BioLife","BioLineRx","BioMarin","Biomerica","BiomX","BiomX","BiomX","Bionano","Bionano","BiondVax","BioNTech","Bio-Path","Bio-Rad","Bio-Rad","BioSig","BioSpecifics","Bio-Techne","BioTelemetry","BioVie","BioXcel","Birks","Bit","BJ&#39;s","BJ&#39;s","BK","Black","Black","Black","Black","Blackbaud","BlackBerry","BlackLine","BlackRock","BlackRock","BlackRock","Blackrock","BlackRock","Blackrock","Blackrock","BlackRock","Blackrock","BlackRock","Blackrock","Blackrock","Blackrock","Blackrock","Blackrock","Blackrock","Blackrock","BlackRock","BlackRock","BlackRock","BLACKROCK","BlackRock","BlackRock","BlackRock","BlackRock","BlackRock","Blackrock","Blackrock","Blackrock","Blackrock","BlackRock","Blackrock","BlackRock","BlackRock","BlackRock","Blackrock","Blackrock","Blackrock","Blackrock","Blackrock","Blackrock","Blackrock","Blackrock","Blackrock","Blackrock","Blackrock","Blackrock","Blackrock","Blackrock","Blackrock","Blackrock","Blackrock","Blackrock","Blackrock","Blackrock","Blackrock","Blackrock","BlackRock","Blackrock","BlackRock","BlackRock","BlackRock","BlackRock","BlackRock","BlackRock","BlackRock","BlackRock","BlackRock","Blackstone","Blackstone","Blackstone","Blink","Blink","Blonder","Bloom","Bloomin&#39;","Blucora","Blue","Blue","Blue","Blue","bluebird","BlueCity","Bluegreen","Bluegreen","Blueknight","Blueknight","BlueLinx","Blueprint","Bluerock","Bluerock","Bluerock","Bluerock","Bluescape","BlueStar","BMC","BNY","BNY","BNY","BNY","BNY","BNY","Boeing","Bogota","Boingo","Boise","BOK","BOK","Bonanza","Bonso","Booking","Boot","Booz","BOQI","Boqii","BorgWarner","Borqs","Borr","Boston","Boston","Boston","Boston","Boston","Boston","Boston","Bottomline","Bowl","BowX","BowX","BowX","Box","Boxlight","Boyd","BP","BP","BP","Brady","Braeburn","Braemar","Braemar","Braemar","Brainstorm","Brainsway","Brandywine","BrandywineGLOBAL","Brasilagro","Braskem","BRF","BriaCell","Brickell","Bridge","BridgeBio","Bridgeline","Bridgetown","Bridgewater","Bridgford","Brigham","Bright","Bright","Brightcove","Brighthouse","Brighthouse","Brighthouse","Brighthouse","BrightSphere","BrightSphere","BrightView","Brilliant","Brilliant","Brilliant","Brilliant","Brinker","Brink&#39;s","Bristol-Myers","Bristol-Myers","Bristow","British","Brixmor","Broadcom","Broadcom","Broadmark","Broadmark","Broadridge","Broadstone","Broadstone","Broadstone","Broadstone","Broadway","Broadwind","Brooge","Brooge","Brookdale","Brookfield","Brookfield","Brookfield","Brookfield","Brookfield","Brookfield","Brookfield","Brookfield","Brookfield","Brookfield","Brookfield","Brookfield","Brookfield","Brookfield","Brookfield","Brookfield","Brookfield","Brookline","Brookline","Brookline","Brooks","Brown","Brown","Brown","BRP","BRP","BRT","Bruker","Brunswick","Brunswick","Brunswick","Brunswick","Bryn","BSQUARE","Buckle","Buenaventura","Build-A-Bear","Builders","Bull","Bunge","Burford","Burgundy","Burgundy","Burgundy","Burlington","Burning","Business","BWX","Byline","C&F","C.H.","C4","Cabaletta","Cable","Cabot","Cabot","CACI","Cactus","Cadence","Cadence","Cadiz","CAE","Caesars","Caesarstone","CAI","CAI","CAI","Caladrius","Calamos","Calamos","Calamos","Calamos","Calamos","Calamos","Calamos","CalAmp","Calavo","Caledonia","Caleres","California","California","California","Calithera","Calix","Callaway","Calliditas","Callon","Cal-Maine","Calumet","Calyxt","Camber","Cambium","Cambridge","Camden","Camden","Cameco","Campbell","Camping","Camtek","Canaan","Canada","Canadian","Canadian","Canadian","Canadian","Canadian","Cancer","Can-Fite","Cango","Cannae","Canon","Canopy","Cantel","Canterbury","Capital","Capital","Capital","Capital","Capital","Capital","Capital","Capital","Capital","Capital","Capital","Capital","Capital","Capital","Capitala","Capitala","Capitala","Capitol","Capri","Capricor","CapStar","Capstar","Capstar","Capstar","Capstead","Capstead","Capstone","Cara","Cardiff","Cardinal","Cardiovascular","Cardlytics","Cardtronics","CareDx","CareTrust","CarGurus","Carlisle","CarMax","Carnival","Carnival","CarParts.com","Carpenter","Carriage","Carrier","Carrols","Cars.com","Carter","Carter&#39;s","Carvana","Carver","Casa","Casella","Caseys","CASI","Casper","Cass","Cassava","Castle","Castlight","Castor","Catabasis","Catalent","Catalyst","Catalyst","CatchMark","Caterpillar","Cathay","Cato","Cavco","CB","CBAK","cbdMD","cbdMD","CBIZ","CBM","CBO","Cboe","CBRE","CBRE","CBTX","CBX","CC","CC","CC","CC","CC","CC","CDK","CDW","CECO","Cedar","Cedar","Cedar","Cedar","Celanese","Celcuity","Celestica","Celgene","Cellcom","Celldex","Cellect","Cellect","Cellectar","Cellectar","Cellectis","Cellular","Cel-Sci","Celsion","Celsius","Celyad","Cementos","Cemex","Cemtrex","Cemtrex","Cemtrex","Cenovus","Centene","Centennial","Center","CenterPoint","CenterPoint","Centogene","Centrais","Centrais","Central","Central","Central","Central","Central","Centrexion","Centrus","Century","Century","Century","Century","CenturyLink","Ceragon","Cerberus","Cerecor","Cerence","Cerevel","Cerevel","Ceridian","Cerner","Cerus","CEVA","CF","CF","CF","CF","CF","CF","CF","CF","CF","CGI","Champions","ChampionX","Change","Change","ChannelAdvisor","Charah","Chardan","Chardan","Chardan","Charles","Charles","Chart","Charter","Chase","Chatham","Check","Check-Cap","Check-Cap","Checkmate","Checkpoint","Cheetah","Chegg","Chembio","Chemed","ChemoCentryx","Chemours","Chemung","Cheniere","Cheniere","Cherry","Cherry","Cherry","Chesapeake","Chevron","Chewy","CHF","Chiasma","Chicago","Chicken","Chicken","Chicken","Chico&#39;s","Children&#39;s","Chimera","Chimera","Chimera","Chimera","Chimera","Chimerix","China","China","China","China","China","China","China","China","China","China","China","China","China","China","China","China","China","China","China","China","China","China","China","China","China","China","Chindata","Chinook","ChipMOS","Chipotle","Choice","ChoiceOne","CHP","CHP","CHP","ChromaDex","CHS","CHS","CHS","CHS","CHS","Chubb","Chunghwa","Church","Churchill","Churchill","Churchill","Churchill","Churchill","Churchill","Churchill","Chuy&#39;s","Cidara","Ciena","Cigna","CIIG","CIIG","CIIG","CIM","CIM","Cimarex","Cimpress","Cincinnati","Cincinnati","Cincinnati","Cincinnati","Cinedigm","Cinemark","Ciner","Cintas","CIRCOR","Cirrus","Cisco","CIT","CIT","Citi","CITIC","CITIC","CITIC","Citigroup","Citigroup","Citigroup","Citigroup","Citigroup","Citigroup","Citius","Citius","Citizens","Citizens","Citizens","Citizens","Citizens","Citizens","Citizens","Citrix","City","City","City","Civeo","Civista","CKX","Clarivate","Clarus","Clean","Clean","CleanSpark","Clear","ClearBridge","ClearBridge","ClearBridge","ClearBridge","ClearBridge","ClearBridge","Clearfield","ClearOne","ClearPoint","Clearside","ClearSign","Clearwater","Clearway","Clearway","Cleveland","Cleveland-Cliffs","Climate","Clipper","Clorox","Cloudera","Cloudflare","Clough","Clough","Clough","Clovis","CLPS","CM","CM","CM","CMC","CME","CMS","CMS","CMS","CMS","CMS","CNA","CNB","CNB","CNFinance","CNH","CNO","CNOOC","CNS","CNX","Coastal","Coca","Coca-Cola","Coca-Cola","Coca-Cola","Cocrystal","Coda","Code","Codexis","Co-Diagnostics","Codiak","Codorus","Coeur","Coffee","Cogent","Cogent","Cognex","Cognizant","CohBar","Cohen","Cohen","Cohen","Cohen","Cohen","Cohen","Cohen","Cohen","Cohen","Cohen","Cohen","Coherent","Coherus","Cohn","Cohn","Cohn","Cohu","Colfax","Colfax","Colgate-Palmolive","Collective","Collective","Collective","Collectors","Collegium","Colliers","CollPlant","Colonial","Colonial","Colonial","Colonial","Colonnade","Colonnade","Colonnade","Colony","Colony","Colony","Colony","Colony","Colony","Colony","Color","Columbia","Columbia","Columbia","Columbia","Columbia","Columbus","Comcast","Comcast","Comerica","Comfort","Commerce","Commercial","Commercial","CommScope","Communications","Community","Community","Community","Community","Community","Community","Community","Commvault","Comp","Comp","Companhia","Companhia","Companhia","Compania","Compass","Compass","Compass","Compass","Compass","COMPASS","Compass","Compugen","Computer","Computer","CompX","comScore","Comstock","Comstock","Comstock","Comtech","ConAgra","Concentrix","Concert","Concho","Concord","Concrete","Condor","Condor","Conduent","ConforMIS","Conifer","Conifer","CONMED","CONMED","ConnectOne","Conn&#39;s","ConocoPhillips","CONSOL","CONSOL","Consolidated","Consolidated","Consolidated","Constellation","Constellation","Constellation","Constellium","Construction","Consumer","Container","Contango","Continental","ContraFect","Controladora","Contura","ConversionPoint","CONX","Cooper","Cooper-Standard","CooTek","Copa","Copart","Corbus","Corcept","Core","Core","CoreCivic","CoreLogic","Core-Mark","CorEnergy","CorEnergy","CorePoint","CoreSite","CorMedix","Cornerstone","Cornerstone","Cornerstone","Cornerstone","Corning","Corporacion","Corporate","Corporate","Corsair","Corteva","Cortexyme","Cortland","CorVel","Corvus","Corvus","Cosan","Costamare","Costamare","Costamare","Costamare","Costamare","CoStar","Costco","Coty","CounterPath","County","Coupa","Cousins","Covanta","Covenant","Covetrus","Cowen","Cowen","Cowen","CPB","CPI","CPS","CRA","Cracker","Crane","Crawford","Crawford","Creatd","Creatd","Creative","Creative","Credicorp","Credit","Credit","Credit","Credit","Credit","Credit","Credit","Cree","Crescent","Crescent","Crescent","Crescent","Crescent","Crestwood","Crestwood","Cresud","Crexendo","CRH","CRH","Crinetics","CRISPR","Criteo","Crocs","Cronos","Cross","Cross","CrossAmerica","CrossFirst","CrowdStrike","Crown","Crown","Crown","CryoLife","CryoPort","CSG","CSI","CSP","CSW","CSX","CTI","CTO","CTS","CubeSmart","Cubic","Cue","Cullen/Frost","Culp","Cumberland","Cummins","Cumulus","CureVac","CuriosityStream","CuriosityStream","Curis","CURO","Curtiss-Wright","Cushing","Cushing","Cushman","Customers","Customers","Customers","Customers","Customers","Customers","Cutera","CVB","CVD","CVR","CVR","CVS","Cyanotech","CyberArk","CyberOptics","Cyclacel","Cyclacel","Cyclerion","CymaBay","CynergisTek","Cypress","CYREN","CyrusOne","Cytokinetics","CytomX","Cytosorbents","D.R.","D8","D8","D8","Dada","Daily","Daktronics","Dana","Danaher","Danaher","Danaher","Danaos","DAQO","Darden","Dare","DarioHealth","DarioHealth","Darling","Daseke","Daseke","Data","Datadog","Datasea","Datto","Dave","DAVIDsTEA","Davis","Davis","Davis","Davis","DaVita","Dawson","Daxor","DBV","DCP","DCP","DCP","Decarbonization","Deciphera","Deckers","Deere","Deerfield","Deerfield","Deerfield","Defiance","Del","Delaware","Delaware","Delaware","Delaware","Delaware","Delcath","Delek","Delek","Dell","Delta","Delta","Deluxe","DEMZ","Denali","Denbury","Denison","Denny&#39;s","DENTSPLY","Dermavant","DermTech","Designer","Despegar.com","Destination","Deswell","Deutsche","Devon","DexCom","DFP","DFP","DFP","DHI","DHT","Diageo","DiaMedica","Diamond","Diamond","Diamondback","Diamondrock","Diamondrock","Diana","Diana","Dicerna","Dick&#39;s","Diebold","Diffusion","Digi","Digimarc","Diginex","Diginex","Digirad","Digirad","Digital","Digital","Digital","Digital","Digital","Digital","Digital","Digital","Digital","Dillard&#39;s","Dillard&#39;s","Dime","Dime","Dine","Diodes","DIRTT","Discover","Discovery","Discovery","Discovery","DISH","Diversified","Diversified","Diversified","DLH","DMC","dMY","dMY","dMY","dMY","dMY","dMY","dMY","Document","DocuSign","Dogness","Dolby","Dollar","Dollar","Dolphin","Dolphin","Dominion","Dominion","Dominion","Domino&#39;s","Domo","Domtar","Donaldson","Donegal","Donegal","Donnelley","Dorchester","Dorian","Dorman","DoubleDown","DoubleLine","DoubleLine","DoubleLine","Douglas","Douglas","DouYu","Dover","Dover","Dow","DPCM","DPW","Dr.","DraftKings","Dragon","Dragoneer","Dragoneer","Dragoneer","Dragoneer","DRDGOLD","Dril-Quip","Drive","Drive","Drive","Drive","Dropbox","DSP","DTE","DTE","DTE","DTE","DTE","DTE","Duck","Ducommun","Duddell","Duff","Duff","Duff","Duff","Duff","Duke","Duke","Duke","Duke","Duke","Duluth","Dun","Dunkin&#39;","Dunxin","Duos","DuPont","DURECT","DXC","DXP","Dyadic","Dycom","Dynagas","Dynagas","Dynagas","Dynatrace","Dynatronics","Dynavax","Dyne","Dynex","Dynex","Dynex","DZS","E.I.","E.I.","e.l.f.","E.Merge","E.Merge","E.Merge","E.W.","Eagle","Eagle","Eagle","Eagle","Eagle","Eagle","Eagle","Eagle","Eagle","Eagle","Eagle","Eagleline","Eargo","Earthstone","East","East","East","East","East","East","East","East","Easterly","Eastern","Eastern","EastGroup","Eastman","Eastman","Eastside","Eaton","Eaton","Eaton","Eaton","Eaton","Eaton","Eaton","Eaton","Eaton","Eaton","Eaton","Eaton","Eaton","Eaton","Eaton","Eaton","Eaton","Eaton","Eaton","Eaton","Eaton","Eaton","Eaton","Eaton","Eaton","Eaton","Eaton","Eaton","Eaton","Eaton","Eaton","Eaton","Eaton","Ebang","eBay","eBay","Ebix","Echo","EchoStar","ECMOHO","Ecolab","Ecopetrol","EDAP","Edesa","Edgewell","Edison","Editas","Edoc","Educational","Edwards","eGain","EHang","eHealth","Eidos","Eiger","Ekso","El","El","Elanco","Elanco","Elastic","Elbit","Eldorado","Electrameccanica","Electrameccanica","electroCore","Electromed","Electronic","Electro-Sensors","Element","Elevate","Eli","Ellington","Ellington","Ellington","Ellomay","Ellsworth","Ellsworth","Elmira","Eloxx","Eltek","Elys","eMagin","Embotelladora","Embotelladora","Embraer","Emclaire","EMCOR","EMCORE","Emerald","Emergent","Emerson","Emerson","Empire","Employers","Empower","Empresa","EMX","Enable","Enanta","Enbridge","Enbridge","Encompass","Encore","Encore","Endava","Endeavour","Endo","ENDRA","ENDRA","Endurance","Enel","Enel","Energizer","Energizer","Energous","Energy","Energy","Energy","Energy","Energy","Energy","Energy","Energy","Enerpac","Enerplus","Enersys","ENGlobal","ENI","EnLink","Enlivex","Ennis","Enochian","Enova","Enphase","EnPro","ENSERVCO","Enstar","Enstar","Enstar","Entasis","Entegris","Entera","Entera","Entercom","Entergy","Entergy","Entergy","Entergy","Entergy","Entergy","Entergy","Entergy","Entergy","Enterprise","Enterprise","Enterprise","Entravision","Envela","Envestnet","Envista","Enviva","Enzo","EOG","EPAM","Epizyme","ePlus","EPR","EPR","EPR","EPR","Epsilon","EQT","Equifax","Equillium","Equinix","Equinor","Equinox","Equitable","Equitable","Equitrans","Equity","Equity","Equity","Equity","Equity","Equity","Equity","Equity","Equus","Ericsson","Erie","Eros","Erytech","Escalade","ESCO","Esperion","Espey","Esports","Esports","Esquire","ESSA","ESSA","Essent","Essential","Essential","Essential","Essex","Establishment","Estee","ETF","ETF","ETF","Ethan","Eton","Etsy","Eucrates","Euro","EuroDry","Euronav","Euronet","European","Euroseas","Evans","Evelo","Eventbrite","Everbridge","Evercore","Everest","Ever-Glory","Evergy","Everi","EverQuote","Eversource","Everspin","Evertec","EVI","EVO","Evofem","Evogene","Evoke","Evolent","Evolus","Evolution","Evolving","Evoqua","Exact","Exagen","Exantas","Exantas","Excellon","Exchange","Executive","Executive","Executive","Exela","Exelixis","Exelon","EXFO","Exicure","ExlService","eXp","Expedia","Expeditors","Experience","Experience","Experience","Exponent","Express","Extended","Exterran","Extra","Extreme","Exxon","Eyegate","Eyenovia","EyePoint","EZCORP","F.N.B.","F.N.B.","F5","F5","Fabrinet","Facebook","FactSet","Fair","Falcon","Falcon","Falcon","Fang","Fangdd","Fanhua","Farfetch","Farmer","Farmers","Farmers","Farmland","Farmland","FARMMI","FARO","FAST","FAST","FAST","Fastenal","Fastly","FAT","FAT","FAT","Fate","Fathom","Fauquier","FB","FBL","Federal","Federal","Federal","Federal","Federal","Federal","Federal","Federal","Federal","Federated","Federated","FedEx","FedNat","Fennec","Ferrari","Ferro","Ferroglobe","FFBW","FG","Fiat","FibroGen","Fidelity","Fidelity","Fidelity","Fidelity","Fiduciary/Claymore","Fidus","Fidus","Fidus","Fidus","Fiesta","Fifth","Fifth","Fifth","Fifth","Financial","FinServ","FinServ","FinServ","FinTech","FinTech","FinTech","FinVolution","FireEye","First","First","First","First","First","First","First","First","First","First","First","First","First","First","First","First","First","First","First","First","First","First","First","First","First","First","First","First","First","First","First","First","First","First","First","First","First","First","First","First","First","First","First","First","FIRST","FIRST","FIRST","FIRST","FIRST","FIRST","First","First","First","First","First","First","First","First","First","First","First","First","First","First","First","First","First","First","First","First","First","First","First","First","First","First","First","First","First","First","First","First","First","First","First","First","First","First","First","First","First","First","First","First","First","First","First","First","First","First","First","First","First","First","First","First","First","First","First","First","First","First","First","First","First","First","First","First","First","First","First","First","First","First","First","First","First","First","First","First","First","First","First","First","First","First","First","First","First","First","First","First","First","First","First","First","First","First","First","First","First","First","First","First","First","First","First","First","First","First","First","First","First","First","First","First","First","FirstCash","FirstEnergy","Firsthand","FirstMark","FirstService","Fiserv","Fisker","Fisker","Fitbit","Five","Five","Five","Five","Five9","Fiverr","Flagstar","Flaherty","Flaherty","Flaherty","Flaherty","Flaherty","Flanigan&#39;s","FleetCor","FLEX","Flex","Flexible","Flexion","FlexShares","FlexShares","FlexShares","FlexShares","FlexShares","FlexShares","FlexShares","FlexShopper","Flexsteel","FLIR","Floor","Flotek","Flowers","Flowr","Flowserve","Fluent","Fluidigm","Fluor","Flushing","Flux","Fly","Flying","Flying","Flying","FMC","FNCB","Focus","Foghorn","Foley","Foley","Foley","Foley","Foley","Foley","Fomento","Fonar","Foot","Ford","Ford","Ford","Foresight","Forestar","Forma","FormFactor","Formula","Forrester","Forte","Forterra","Fortinet","Fortis","Fortive","Fortive","Fortress","Fortress","Fortress","Fortress","Fortress","Fortress","Fortress","Fortress","Fortress","Fortress","Fortress","Fortuna","Fortune","Forum","Forum","Forum","Forum","Forward","Forward","Forward","Fossil","Foundation","Four","Four","Fox","Fox","Fox","Francesca&#39;s","Franchise","Franchise","Franco-Nevada","Franklin","Franklin","Franklin","Franklin","Franklin","Franklin","Franklin","Frank&#39;s","Freedom","Freeline","Freeport-McMoran","Freightcar","Frequency","Frequency","Fresenius","Fresh","Freshpet","Friedman","Front","frontdoor","Frontline","FRP","FS","FS","FS","FS","FSD","FTAC","FTAC","FTAC","FTI","FTS","fuboTV","Fuel","FuelCell","Fulcrum","Fulgent","Fuling","Full","Full","Fulton","Fulton","Funko","Fury","Fusion","Fusion","Fusion","Fusion","Futu","Future","FutureFuel","Fuwei","FVCBankcorp","G","G.","G1","Gabelli","Gabelli","Gabelli","Gabelli","Gabelli","Gabelli","Gabelli","Gabelli","Gabelli","Gabelli","Gabelli","Gabelli","Gabelli","Gabelli","Gaia","Galapagos","Galectin","Galecto","Galera","Galiano","Galileo","Galileo","Galileo","Galmed","GAMCO","GAMCO","Gamco","GAMCO","GAMCO","Gamestop","Gamida","Gaming","GAN","Gannett","Gap","Garmin","Gartner","GasLog","GasLog","GasLog","GasLog","GasLog","GasLog","Gates","Gatos","GATX","GATX","GCI","GCI","GCP","GDS","GEE","Genasys","Genco","Gencor","Generac","General","General","General","General","General","General","General","General","General","General","Generation","Genesco","Genesis","Genesis","Genetic","Genetron","GENFIT","Genie","Genie","Genius","Genmab","GenMark","Genocea","Genpact","Genprex","Gentex","Gentherm","Genuine","Genworth","Geo","Geopark","Georgia","Geospace","GeoVax","GeoVax","Gerdau","German","Geron","Getty","Gevo","GFL","GFL","Gibraltar","GigaMedia","GigCapital2","GigCapital2","GigCapital2","GigCapital2","GigCapital3","GigCapital3","GigCapital3","G-III","Gilat","Gildan","Gilead","Glacier","Gladstone","Gladstone","Gladstone","Gladstone","Gladstone","Gladstone","Gladstone","Gladstone","Gladstone","Gladstone","Gladstone","Gladstone","Glatfelter","Glaukos","GlaxoSmithKline","Glen","Global","Global","Global","Global","Global","Global","Global","Global","Global","Global","Global","Global","Global","Global","Global","Global","Global","Global","Global","Global","Global","Global","Global","Global","Global","Global","Global","Global","Global","Global","Global","Global","Global","Global","Global","Global","Global","Global","Global","Global","Global","Global","Global","Global","Global","Global","Global","Global","Global","Global","Global","Global","Globalstar","Globant","Globe","Globe","Globus","Globus","Glory","Glory","Glu","GlycoMimetics","GMS","GO","GO","GO","GoDaddy","Gogo","GoHealth","Gol","Golar","Golar","Golar","Gold","Gold","Gold","Golden","Golden","Golden","Golden","Goldfield","Goldman","Goldman","Goldman","Goldman","Goldman","Goldman","Goldman","Goldman","Goldman","GoldMining","Golub","Good","Good","GoodBulk","Goodrich","GoodRx","Goosehead","GoPro","Gores","Gores","Gores","Gores","Gores","Gores","Gores","Gores","Gores","Gores","Gores","Gorman-Rupp","Gossamer","GP","Graco","GrafTech","Graham","Graham","Gran","Grand","Granite","Granite","Granite","Graphic","GRAVITY","Gray","Gray","Graybug","Great","Great","Great","Great","Great","Great","Great","Great","Great","Great","Great","Green","Green","Green","Green","Greenbrier","Greencity","Greencity","Greencity","Greene","Greenhill","Greenland","Greenlane","Greenlight","GreenPower","Greenpro","Greenrose","Greenrose","Greenrose","GreenSky","GreenTree","GreenVision","GreenVision","GreenVision","GreenVision","Greenwich","Greif","Greif","Grid","Grid","Gridsum","Griffin","Griffon","Grifols","Grindrod","Gritstone","Grocery","Group","Groupon","GrowGeneration","GrubHub","Grupo","Grupo","Grupo","Grupo","Grupo","Grupo","Grupo","Grupo","GS","GS","GS","GSE","GSI","GSX","GTT","GTY","Guangshen","Guaranty","Guaranty","Guardant","Guardion","Guess?","Guggenheim","Guggenheim","Guggenheim","Guggenheim","Guidewire","Guild","Gulf","Gulf","Gulfport","GW","GWG","GX","GX","GX","Gyrodyne","H&E","H&R","H.","H.I.G.","Haemonetics","Hailiang","Hall","Hall","Hallador","Halliburton","Hallmark","Halozyme","Hamilton","Hamilton","Hancock","Hancock","Hancock","Hancock","Hancock","Hanesbrands","Hanger","Hanmi","Hannon","Happiness","Harbor","HarborOne","Harley-Davidson","Harmonic","Harmony","Harmony","Harpoon","Harrow","Harsco","Hartford","Hartford","Hartford","Harvard","Harvest","Harvest","Hasbro","Haverty","Haverty","Hawaiian","Hawaiian","Hawkins","Hawthorn","Haymaker","Haymaker","Haymaker","Haynes","HBT","HC2","HCA","HCI","HD","HDFC","HeadHunter","Health","Health","Health","Healthcare","Healthcare","Healthcare","Healthcare","HealthEquity","Healthpeak","HealthStream","Heartland","Heartland","Heartland","Heat","Hecla","Hecla","Heico","Heico","Heidrick","Helen","Helios","Helius","Helix","Helix","Helmerich","Hemisphere","Hemispherx","Hennessy","Hennessy","Hennessy","Hennessy","Henry","Hepion","Herbalife","Herc","Hercules","Hercules","Hercules","Heritage","Heritage","Heritage","Heritage","Heritage-Crystal","Herman","Heron","Hersha","Hersha","Hersha","Hersha","Hershey","Heska","Hess","Hess","Hewlett","Hexcel","Hexindai","HEXO","HF","HF","Hibbett","High","HighCape","HighCape","HighCape","Highland","Highland","Highland","Highland/iBoxx","HighPeak","HighPeak","HighPoint","Highway","Highwoods","Hill","Hillenbrand","Hillman","Hill-Rom","Hilltop","Hilton","Hilton","Himax","Hingham","HireQuest","Histogen","Hitek","HL","HL","HL","HL","HMG/Courtland","HMN","HMS","HNI","Hoegh","Hoegh","Holicity","Holicity","Holicity","Holly","HollyFrontier","Hollysys","Hologic","Home","Home","Home","Home","HomeStreet","HomeTrust","Homology","Honda","Honeywell","Hooker","HOOKIPA","Hope","Horace","Horizon","Horizon","Horizon","Horizon","Horizon","Horizon","Horizon","Horizon","Horizon","Hormel","Host","Hostess","Hostess","Hoth","Houghton","Houlihan","Houston","Houston","Hovnanian","Hovnanian","Howard","Howard","Howmet","Howmet","HP","HPX","HPX","HPX","HSBC","HSBC","HTG","Huami","Huaneng","Huazhu","Hub","Hubbell","HubSpot","Hudbay","Hudson","Hudson","Hudson","Hudson","Hudson","Hudson","Hudson","Hudson","Huize","Humana","Humanigen","Hunt","Huntington","Huntington","Huntington","Huntington","Huntsman","Hurco","Huron","Hutchison","Huttig","HUYA","HV","Hyatt","Hycroft","Hycroft","Hycroft","Hygo","Hyliion","Hyliion","HyreCar","Hyster-Yale","i3","IAA","IAC/InterActiveCorp","Iamgold","IBEX","iBio","IBO","icad","Icahn","ICC","ICF","Ichor","ICICI","ICL","iClick","ICON","Iconix","ICU","IDACORP","Ideal","Ideanomics","IDEAYA","Identiv","Idera","IDEX","IDEXX","IDT","IEC","IES","IF","iFresh","IG","IGM","iHeartMedia","IHS","IHS","iHuman","II-VI","II-VI","Ikonics","Illinois","Illumina","I-MAB","IMAC","IMAC","Image","IMARA","Imax","iMedia","Immatics","Immatics","Immersion","ImmuCell","Immunic","ImmunoGen","Immunome","Immunovant","Immuron","Immuron","Immutep","Impac","Imperial","Impinj","IMV","IN8bio","Inari","Income","Incyte","Independence","Independence","Independence","Independent","Independent","Independent","India","India","Indonesia","Industrial","Industrial","Industrial","Industrial","Industrias","Infinera","Infinity","InflaRx","Information","Infosys","Infrastructure","Infrastructure","InfuSystems","ING","Ingersoll","Ingevity","Ingles","Ingredion","Inhibikase","Inhibrx","InMed","INMODE","INmune","Innate","Innodata","Innospec","Innovative","Innovative","Innovative","Innoviva","InnSuites","Inogen","Inovalon","Inovio","Inozyme","Inphi","Inpixon","Inseego","Insight","Insight","Insignia","Insmed","Insperity","Inspire","Inspired","InspireMD","InspireMD","InspireMD","Installed","Insteel","INSU","INSU","INSU","Insulet","Intec","Integer","Integra","Integra","Integrated","Intel","Intellia","Intellicheck","Intelligent","Inter","Interactive","Intercept","Intercontinental","Intercontinental","Intercorp","InterDigital","Interface","International","International","International","International","International","International","International","International","International","International","International","International","Interpace","InterPrivate","InterPrivate","InterPrivate","Interpublic","Intersect","Interstate","inTest","Intevac","Intra-Cellular","Intrepid","IntriCon","Intrusion","Intuit","Intuitive","Inuvo","Invacare","Inventiva","Invesco","Invesco","Invesco","Invesco","Invesco","Invesco","Invesco","Invesco","Invesco","Invesco","Invesco","Invesco","Invesco","Invesco","Invesco","Invesco","Invesco","Invesco","Invesco","Invesco","Invesco","Invesco","Invesco","Invesco","Invesco","Invesco","Invesco","Invesco","Invesco","Invesco","Invesco","Invesco","Invesco","Invesco","Invesco","Invesco","Invesco","Invesco","Invesco","Invesco","Invesco","Invesco","Invesco","Invesco","Invesco","Invesco","Invesco","Invesco","Invesco","Invesco","Invesco","Invesco","Invesco","Invesco","Invesco","Invesco","Invesco","Invesco","Invesco","Invesco","Invesco","Invesco","Invesco","Invesco","Invesco","Invesco","Invesco","Invesco","Invesco","Invesco","INVESCO","INVESCO","INVESCO","Invesco","Invesco","Invesco","Invesco","Invesco","Invesco","Invesco","Invesco","Invesco","Invesco","Invesco","Invesco","Invesco","Invesco","Invesco","Invesco","Invesco","Invesco","Invesco","Invesco","Invesco","Invesco","Invesco","Invesco","Invesco","Invesco","Invesco","Invesco","Invesco","Invesco","Invesco","Invesco","Investar","Investcorp","Investcorp","Investors","Investors","Investors","Investors","Invitae","Invitation","InVivo","INVO","ION","ION","ION","Ion","Ionis","Iovance","IPG","IQ","IQ","iQIYI","IQVIA","iRadimed","iRhythm","IRIDEX","Iridium","iRobot","Iron","Ironwood","IRSA","IRSA","iShares","iShares","iShares","iShares","iShares","iShares","iShares","iShares","iShares","iShares","iShares","iShares","iShares","iShares","iShares","iShares","iShares","iShares","iShares","iShares","iShares","iShares","iShares","iShares","iShares","iShares","iShares","iShares","iShares","iShares","iShares","iShares","iShares","iShares","iShares","iShares","iShares","iShares","iShares","iShares","iShares","iShares","iShares","iShares","iShares","iShares","iShares","iShares","iShares","iShares","iShares","iShares","iShares","iShares","iShares","iShares","iShares","iShares","iShares","iShares","iShares","iShares","iShares","iShares","iShares","iShares","iShares","iShares","iShares","iShares","iShares","iShares","iShares","iShares","iShares","iShares","iShares","IsoRay","Issuer","iStar","iStar","iStar","iStar","IT","Ita?","Itamar","Itau","iTeos","Iteris","Iterum","Itron","ITT","Ituran","IVERIC","Ivy","IZEA","J","J","J","J","J","J","J","J.","J.","J.","J.B.","J.M.","j2","Jabil","Jack","Jack","Jack","Jack","Jacobs","Jaguar","JAKKS","James","James","Jamf","JanOne","Janus","Janus","Janus","Japan","Jaws","Jaws","Jaws","Jazz","JBG","JD.com","Jefferies","JELD-WEN","Jerash","JetBlue","Jewett-Cameron","JFrog","Jianpu","Jiayin","JinkoSolar","JMP","JMP","JMP","John","John","John","John","John","John","John","John","John","John","John","John","John","John","Johnson","Johnson","Johnson","Jones","Jounce","JOYY","Jumia","Juniper","Juniper","Juniper","Juniper","Jupai","Jupiter","Jupiter","Jupiter","Jupiter","Just","K12","Kadant","Kadmon","Kaiser","Kaixin","Kala","Kaleido","Kaleyra","Kaleyra","KalVista","Kamada","Kaman","Kandi","Kansas","Kansas","KAR","Karuna","Karyopharm","Kaspien","Kayne","Kayne","Kazia","KB","KB","KBR","KBS","KE","Kearny","Kellogg","Kelly","Kelly","Kelso","Kemper","Kennametal","Kennedy-Wilson","Kenon","Kensington","Kensington","Kensington","Kentucky","Keros","Keurig","Kewaunee","Key","KeyCorp","KeyCorp","KeyCorp","KeyCorp","Keysight","Kezar","Kforce","Kilroy","Kimball","Kimball","Kimbell","Kimberly-Clark","Kimco","Kimco","Kimco","Kinder","Kindred","Kingsoft","Kingstone","Kingsway","Kiniksa","Kinross","KINS","KINS","Kinsale","Kintara","Kirby","Kirkland","Kirkland&#39;s","Kiromic","Kismet","Kismet","Kismet","Kite","Kitov","Kitov","KKR","KKR","KKR","KKR","KKR","KKR","KLA","KLX","Knight","Knoll","KNOT","Knowles","Kodiak","Kohl&#39;s","Koninklijke","Kontoor","Kopin","Koppers","Korea","Korea","Korn","Kornit","Kosmos","Koss","KraneShares","Kraton","Kratos","Kroger","Kronos","Kronos","Krystal","KT","Kubient","Kubient","Kulicke","Kura","Kura","KVH","Kymera","L","L.B.","L.S.","L3Harris","La","Laboratory","Ladder","Laird","LAIX","Lake","Lakeland","Lakeland","Lakeland","Lam","Lamar","Lamb","Lancaster","Landcadia","Landcadia","Landcadia","Landcadia","Landec","Landmark","Landmark","Landmark","Landmark","Landmark","Lands&#39;","Landstar","Lannett","Lantern","Lantheus","Lantronix","Laredo","Larimar","Las","Lattice","Laureate","Lawson","Lazard","Lazard","La-Z-Boy","Lazydays","LCI","LCNB","Leaf","LEAP","Lear","Lee","Lefteris","Legacy","Legacy","Legacy","Legacy","Legato","Legato","Legend","Legg","Legg","Legg","Leggett","Lehman","Lehman","Lehman","Leidos","Leisure","Leisure","Leisure","Leju","LeMaitre","Lemonade","LendingClub","LendingTree","Lennar","Lennar","Lennox","LENSAR","Leslie&#39;s","Level","Level","Levi","Lexicon","LexinFintech","Lexington","Lexington","LF","LF","LF","LG","LGI","LGL","LGL","LGL","LGL","LHC","Li","Lianluo","Liberty","Liberty","Liberty","Liberty","Liberty","Liberty","Liberty","Liberty","Liberty","Liberty","Liberty","Liberty","Liberty","Liberty","Liberty","Liberty","Liberty","Liberty","Liberty","Life","LifeSci","LifeSci","LifeSci","Lifetime","Lifevantage","Lifeway","Ligand","Lightbridge","LightInTheBox","LightPath","Lightspeed","Limbach","Limelight","Limestone","Liminal","Limoneira","Lincoln","Lincoln","Lincoln","Lindblad","Linde","Lindsay","LINE","Lineage","Linx","Lion","Lion","Lionheart","Lionheart","Lionheart","Lions","Lions","Lipocine","LiqTech","Liquid","Liquidia","Liquidity","Lithia","Lithium","Littelfuse","LIV","LIV","LIV","LivaNova","Live","Live","Live","Live","Live","Live","Livent","LivePerson","LiveRamp","LiveXLive","Lixiang","LIZHI","LKQ","Lloyds","LM","LMP","LMP","Lockheed","Loews","LogicBio","Logitech","Loma","Loncar","Loncar","Longevity","Longevity","Longevity","Longevity","Longview","Longview","Longview","Loop","Loral","Lordstown","Lordstown","Louisiana-Pacific","Lowe&#39;s","LPL","Lsb","LSI","LTC","Luby&#39;s","Lufax","lululemon","Lumber","Lumentum","Luminex","Lumos","Luna","Luokung","Luther","Lux","Luxfer","Lydall","Lyft","LyondellBasell","Lyra","M&T","M.D.C.","M/I","Macatawa","Macerich","Mack-Cali","Mackinac","MACOM","Macquarie","Macquarie","Macquarie","Macro","MacroGenics","Macy&#39;s","Madison","Madison","Madison","Madrigal","MAG","Magal","Magellan","Magellan","Magenta","Magic","Magna","MagnaChip","Magnite","Magnolia","Magyar","Maiden","Maiden","Maiden","Maiden","Maiden","Maiden","Main","MainStay","MainStreet","MainStreet","MakeMyTrip","Malacca","Malacca","Malacca","Malibu","Mallard","Malvern","Mammoth","Manchester","Manhattan","Manhattan","Manitex","Manitowoc","Mannatech","Manning","MannKind","ManpowerGroup","ManTech","Manulife","Marathon","Marathon","Marathon","Marchex","Marcus","Marcus","Marin","Marine","Marine","MarineMax","Marinus","Markel","Marker","MarketAxess","Marlin","Marriott","Marriott","Marrone","Marsh","Marten","Martin","Martin","Marvell","Masco","Masimo","Masonite","MasTec","Mastech","Mastercard","MasterCraft","Matador","Match","Materialise","Materion","Matinas","Matrix","Matson","Mattel","Matthews","Maui","Mavenir","Maverix","Maxar","Maxeon","Maxim","Maximus","MaxLinear","Mayville","MBIA","McAfee","McCormick","McCormick","McDonald&#39;s","McEwen","McGrath","McKesson","MDC","MDJM","MDU","Mechel","Mechel","Medalist","Medalist","Medallia","Medallion","Medallion","Medallion","MediaAlpha","Mediaco","Medical","Medicenna","MediciNova","MEDIFAST","Medigus","Medigus","MediWound","Medley","Medley","Medley","Medley","Medley","Medley","Mednax","Medpace","Medtronic","Megalith","Megalith","Megalith","MEI","MeiraGTx","Melco","MER","MercadoLibre","Mercantile","Mercer","Merchants","Merchants","Merchants","Merck","Mercurity","Mercury","Mercury","Meredith","Mereo","Merida","Merida","Meridian","Meridian","Meridian","Merit","Meritage","Meritor","Merlyn.AI","Merrill","Merrill","Merrimack","Mersana","Merus","Mesa","Mesa","Mesa","Mesabi","Mesoblast","Meta","Metacrine","Metalla","Meten","Meten","Methanex","Methode","MetLife","MetLife","MetLife","MetLife","MetroCity","Metropolitan","Mettler-Toledo","Mexco","Mexico","Mexico","MFA","MFA","MFA","MFA","MFS","MFS","MFS","MFS","MFS","MFS","MGE","MGIC","MGM","MGM","MGP","Micro","Microbot","Microchip","Micron","Microsoft","MicroStrategy","Microvision","MICT","Mid","Mid-America","Mid-America","Midatech","Mid-Con","Middlefield","Middlesex","Midland","Mid-Southern","MIDSTATES","MidWestOne","Milestone","Milestone","Millendo","Miller","Miller/Howard","Millicom","Mimecast","MiMedx","MIND","MIND","MIND","Minerals","Minerva","MingZhu","MINISO","Miragen","Mirati","Mirum","MISONIX","Mission","Mistras","Mitek","Mitsubishi","MiX","Mizuho","MKS","MMA","MMTec","Mobile","MobileIron","Model","Moderna","Modine","Moelis","Mogo","MOGU","Mohawk","Mohawk","Molecular","Molecular","Moleculin","Molina","Molson","Molson","Momo","Monaker","Monarch","Mondelez","Moneygram","MongoDB","Monmouth","Monmouth","Monocle","Monocle","Monocle","Monolithic","Monopar","Monro","Monroe","Monroe","Monster","Montes","Montrose","Moody&#39;s","Moog","Moog","Morgan","Morgan","Morgan","Morgan","Morgan","Morgan","Morgan","Morgan","Morgan","Morgan","Morgan","Morningstar","Morphic","MorphoSys","Mosaic","MoSys","Motion","Motorcar","Motorola","Motus","Mountain","Mountain","Mountain","Movado","Moxian","MPLX","Mr.","MRC","MSA","MSC","MSCI","MSG","MTBC","MTBC","MTS","Mueller","Mueller","MultiPlan","MultiPlan","MuniVest","MuniYield","Murphy","Murphy","Muscle","Mustang","MV","MVB","MVC","MVC","My","Myers","Mylan","MyoKardia","Myomo","MYOS","Myovant","MYR","Myriad","Nabors","Nabors","Nabriva","NACCO","Naked","Nam","Nano","NanoString","NanoVibronix","NanoViricides","NANO-X","NantHealth","NantKwest","NAPCO","NASDAQ","NASDAQ","NASDAQ","NASDAQ","NASDAQ","NASDAQ","NASDAQ","NASDAQ","Nasdaq","Natera","Nathan&#39;s","National","National","National","National","National","National","National","National","National","National","National","National","National","National","National","National","National","National","National","National","National","National","National","National","National","National","National","National","National","National","Natura","Natural","Natural","Natural","Natural","Natural","Natural","Nature&#39;s","Natus","Natuzzi","NatWest","Nautilus","Navidea","Navient","Navient","Navigator","Navios","Navios","Navios","Navios","Navios","Navios","Navistar","Navistar","NavSight","NavSight","NavSight","NBT","nCino","NCR","NCS","Neenah","Nektar","Nelnet","Nemaura","Neogen","NeoGenomics","Neoleukin","Neonode","NeoPhotonics","Neos","Neovasc","Nephros","Neptune","Nesco","Nesco","Net","Net","NetApp","NetEase","Netflix","NETGEAR","NetScout","NetSol","NetSTREIT","Network-1","NeuBase","Neuberger","Neuberger","Neuberger","Neuberger","Neuberger","Neuberger","NeuroBo","Neurocrine","NeuroMetrix","Neuronetics","Neurotrope","Nevro","New","New","New","New","New","New","New","New","New","New","New","New","New","New","New","New","New","New","New","New","New","New","New","New","New","New","New","New","New","New","New","New","New","NewAge","Newater","Newborn","Newborn","Newborn","Newborn","Newell","NewHold","NewHold","NewHold","NewJersey","Newmark","NewMarket","Newmont","Newpark","News","News","Newtek","Newtek","Newtek","Nexa","Nexeon","Nexgen","NexPoint","NexPoint","NexPoint","NexPoint","Nexstar","NextCure","NextDecade","NextEra","NextEra","NextEra","NextEra","NextEra","NextEra","NextEra","NextGen","NextGen","NexTier","NGL","NGL","NGL","NGM","NI","Niagara","Niagara","NIC","NICE","Nicholas","Nicolet","Nielsen","Nike","Nikola","Nine","NIO","NiSource","NiSource","NiSun","Niu","Nkarta","NL","nLIGHT","NMI","NN","Noah","Noble","Nokia","Nomad","Nomura","Noodles","Norbord","Nordic","Nordson","Nordstrom","Norfolk","Nortech","North","North","North","North","North","Northeast","Northern","Northern","Northern","Northern","Northern","Northern","Northern","Northern","Northern","Northfield","Northrim","Northrop","Northwest","Northwest","Northwest","NorthWestern","NortonLifeLock","Norwegian","Norwegian","Norwood","Nova","Nova","NovaBay","Novagold","Novan","Novanta","Novartis","Novavax","Novo","NovoCure","Novus","Novus","Novus","Novus","NOW","NRG","NTN","Nu","Nuance","NuCana","Nucor","Nurix","Nustar","Nustar","Nustar","Nustar","NuStar","Nutanix","Nutrien","NuVasive","Nuveen","Nuveen","Nuveen","Nuveen","Nuveen","Nuveen","Nuveen","Nuveen","Nuveen","Nuveen","Nuveen","Nuveen","Nuveen","Nuveen","Nuveen","Nuveen","Nuveen","Nuveen","Nuveen","Nuveen","Nuveen","Nuveen","Nuveen","Nuveen","Nuveen","Nuveen","Nuveen","Nuveen","Nuveen","Nuveen","Nuveen","Nuveen","Nuveen","Nuveen","Nuveen","Nuveen","Nuveen","Nuveen","Nuveen","Nuveen","Nuveen","Nuveen","Nuveen","Nuveen","Nuveen","Nuveen","Nuveen","Nuveen","Nuveen","Nuveen","Nuveen","Nuveen","Nuveen","Nuveen","Nuveen","Nuveen","Nuveen","Nuveen","Nuveen","Nuveen","Nuveen","Nuveen","Nuveen","Nuveen","Nuveen","Nuveen","Nuveen","Nuveenn","Nuverra","NuZee","NV5","NVE","nVent","NVIDIA","NVR","NXP","NXT-ID","Nymox","NYSE","NYSE","NYSE","NYSE","NYSE","NYSE","NYSE","O2Micro","Oak","Oak","Oaktree","Oaktree","Oaktree","Oaktree","Oaktree","Oaktree","Oaktree","Oaktree","Oaktree","Oaktree","Oasis","Obalon","Oblong","ObsEva","Occidental","Occidental","Ocean","Ocean","Oceaneering","OceanFirst","OceanFirst","Oconee","Ocugen","Ocular","Ocuphire","Ocwen","Odonate","Odyssey","Office","Office","Office","OFG","OFG","OFG","OFG","OFS","OFS","OFS","OFS","OFS","OFS","OFS","OGE","Ohio","O-I","Oi","Oil","Oil-Dri","Okta","Old","Old","Old","Old","Old","Olin","Ollie&#39;s","Olympic","Omega","Omega","Omeros","Omnicell","Omnicom","ON","OncoCyte","Oncolytics","Onconova","Onconova","Oncorus","OncoSec","Oncternal","one","one","one","ONE","One","One","OneConnect","OneMain","ONEOK","OneSmart","OneSpan","OneSpaWorld","OneWater","Onto","Ontrak","Ontrak","Ooma","OP","Open","Open","Opera","Opes","Opes","Opes","OpGen","Opiant","Opko","Oportun","Oppenheimer","Opthea","Optibase","Optical","OptimizeRx","OptimumBank","OptiNose","Option","Oracle","Oragenics","Oramed","Orange","OraSure","ORBCOMM","Orbital","Orchard","Orchid","O&#39;Reilly","Organigram","Organogenesis","Organovo","Orgenesis","Oric","Origin","Origin","Orion","Orion","Orion","Orisun","Orisun","Orisun","Orisun","Orix","Ormat","Orphazyme","Orrstown","Orthofix","OrthoPediatrics","Oshkosh","OSI","Osisko","Osmotica","Osprey","Osprey","Osprey","Ossen","Otelco","OTG","Otis","Otonomy","OTR","OTR","Otter","OUTFRONT","Outlook","Outlook","Outset","Overseas","Overstock.com","Ovid","Ovintiv","Owens","Owens","Owl","Oxbridge","Oxbridge","Oxford","Oxford","Oxford","Oxford","Oxford","Oxford","Oxford","Oxford","Oxford","Oyster","P","P.A.M.","PACCAR","Pacer","Pacer","Pacer","Pacific","Pacific","Pacific","Pacific","Pacific","Pacific","Pacific","Pacific","Pacific","Pacific","Pacific","Pacific","Pacific","Pacific","Pacira","Packaging","Pactiv","PacWest","PAE","PAE","PagerDuty","PagSeguro","PainReform","Palantir","Palatin","Palo","Palomar","Pampa","Pan","Panacea","Panacea","Panacea","Pandion","Pangaea","Papa","Par","PAR","Paramount","Paramount","Paratek","Park","Park","Park","Park","Parke","Parker-Hannifin","Park-Ohio","Parsley","Parsons","Partner","PartnerRe","PartnerRe","PartnerRe","Partners","Party","Passage","Pathfinder","Patrick","Patriot","Patriot","Patterson","Patterson-UTI","PAVmed","PAVmed","PAVmed","PaxMedica","PaxMedica","Paya","Paya","Paychex","Paycom","Paylocity","PayPal","Paysign","PBF","PBF","PC","PCB","PCI","PCSB","PCTEL","PDC","PDF","PDL","PDL","PDS","Peabody","Peapack-Gladstone","Pearson","Pebblebrook","Pebblebrook","Pebblebrook","Pebblebrook","Pebblebrook","Pedevco","Pegasystems","Peloton","Pembina","Penn","Penn","PennantPark","PennantPark","PennantPark","Penns","Pennsylvania","Pennsylvania","Pennsylvania","Pennsylvania","PennyMac","PennyMac","PennyMac","PennyMac","Penske","Pentair","Penumbra","Peoples","Peoples","Peoples","People&#39;s","People&#39;s","Pepsico","Perceptron","Perdoceo","Perficient","Performance","Performance","Performant","Peridot","Perion","PerkinElmer","Perma-Fix","Perma-Pipe","Permian","Permianville","PermRock","Perrigo","Pershing","Pershing","Personalis","Perspecta","PetIQ","PetMed","Petra","Petra","Petra","PetroChina","Petroleo","Petroleo","Pfizer","Pfizer","PFSweb","PGIM","PGIM","PGT","PGT","PhaseBio","Phathom","Phibro","Philip","Phillips","Phillips","Phio","Phio","Phoenix","Phoenix","Photronics","Phreesia","Phunware","Phunware","PHX","Physicians","PICO","Piedmont","Piedmont","Pieris","Pilgrim&#39;s","PIMCO","Pimco","PIMCO","PIMCO","Pimco","Pimco","PIMCO","PIMCO","PIMCO","Pimco","Pimco","Pimco","PIMCO","PIMCO","PIMCO","Pimco","PIMCO","PIMCO","Pimco","PIMCO","PIMCO","Pinduoduo","Ping","Pingtan","Pinnacle","Pinnacle","Pinnacle","Pintec","Pinterest","Pioneer","Pioneer","Pioneer","Pioneer","Pioneer","Pioneer","Pioneer","Pioneer","Piper","Pitney","Pitney","Pivotal","Pivotal","Pivotal","Pixelworks","PJT","Plains","Plains","Planet","Planet","Plantronics","Platinum","Playa","PlayAGS","PLDT","Plexus","Pliant","Plug","Plumas","Pluralsight","Pluristem","PLUS","PLx","Plymouth","Plymouth","PMV","PMV","PMV","PMV","PNC","PNC","PNM","Points","Polar","Polaris","PolarityTE","Polymet","PolyPid","Pool","Popular","Popular","Popular","Portland","Portman","Portman","POSCO","Poseida","Post","Postal","Potbelly","PotlatchDeltic","Powell","Power","Power","Power","Powerbridge","PowerFleet","PPD","PPG","PPL","PPL","PPlus","PPlus","PQ","PRA","PRA","Praxis","Precigen","Precipio","Precision","Precision","Predictive","Preferred","Preferred","Preformed","Prelude","Premier","Premier","Premier","Presidio","Pressure","Prestige","Pretium","Prevail","PRGX","PriceSmart","Prime","Prime","Prime","PrimeEnergy","Primerica","Primo","Primo","Primoris","Principal","Principal","Principal","Principal","Principal","Principal","Principal","Principal","Principal","Principal","Principal","Priority","Priority","Priority","Priority","Priority","Priority","Priority","ProAssurance","Processa","Procter","Procure","Pro-Dex","Professional","Professional","Profire","Profound","Progenity","Progress","Progressive","Progyny","Prologis","Proofpoint","Property","Property","Property","ProPetro","ProPhase","PropTech","PropTech","PropTech","PropTech","ProQR","PROS","ProShares","ProShares","ProShares","ProShares","ProShares","ProSight","Prospect","Prospect","Prospect","Prospect","Prosperity","Protagonist","Protalix","Protara","Protective","Protective","Proteostasis","Prothena","Proto","Provention","Provident","Provident","Provident","Prudential","Prudential","Prudential","Prudential","Prudential","Prudential","Prudential","PS","PS","PS","PS","PS","Psychemedics","PT","PTC","PTC","PTK","PTK","PTK","Public","Public","Public","Public","Public","Public","Public","Public","Public","Public","Public","Public","Public","Public","Public","PUHUI","Pulmatrix","Pulmonx","Pulse","PulteGroup","Puma","Pure","Pure","PureTech","Purple","Purple","Putnam","Putnam","Putnam","Putnam","Puxin","Puyi","PVH","Pyxis","Pyxis","Pyxis","Pzena","Q&K","Q2","QAD","QAD","QCR","Qell","QEP","Qiagen","Qiagen","QIWI","Qorvo","QTS","QTS","QTS","Quad","Quaker","QUALCOMM","Qualigen","Qualys","Quanex","Quanta","Quanterix","Quantum","Qudian","Quest","Quest","Quhuo","QuickLogic","Quidel","QuinStreet","Qumu","Quotient","Quotient","Qurate","Qurate","Qurate","Qutoutiao","QVC","QVC","Qwest","Qwest","Qwest","Qwest","R.R.","R.R.","R1","Ra","Rackspace","RADA","Radcom","Radian","Radiant","Radius","Radius","RadNet","Radware","Rafael","Ralph","Ramaco","Rambus","Rand","Randolph","Range","Ranger","Ranpak","Rapid7","RAPT","Rattler","Rave","Raven","Raymond","Rayonier","Rayonier","Raytheon","RBB","RBC","RCI","RCM","RE/MAX","Reading","Reading","Ready","Ready","Ready","Ready","Reality","RealNetworks","Realogy","RealPage","Realty","Reata","Reaves","Recharge","Recon","Recro","Red","Red","Red","Red","Red","RedBall","RedBall","RedBall","Redfin","Redhill","Redwood","Reeds","Regal","Regency","Regeneron","REGENXBIO","Regional","Regional","Regional","Regions","Regions","Regions","Regions","Regis","Regulus","Reinsurance","Reinsurance","Reinsurance","Reinvent","Reinvent","Reinvent","Rekor","Relay","Reliance","Reliant","Reliv&#39;","Relmada","RELX","Remark","RenaissanceRe","RenaissanceRe","RenaissanceRe","Renalytix","Renasant","Renesola","Renewable","RENN","Renren","Rent-A-Center","Repare","Repay","Replay","Replay","Replay","Repligen","Replimune","Repro","Republic","Republic","Republic","Research","Research","Resideo","ResMed","Resolute","Resonant","Resources","Restaurant","Retail","Retail","Retail","ReTo","Retractable","Retrophin","REV","Revance","Revlon","Revolution","Revolve","ReWalk","REX","Rexford","Rexford","Rexford","Rexford","Rexnord","Reynolds","Rezolute","RF","RGC","RH","Rhinebeck","Rhythm","Ribbit","Ribbit","Ribbit","Ribbon","Rice","RiceBran","Richardson","Richmond","Rigel","RigNet","Rimini","Ring","Ringcentral","Rio","Riot","RISE","Ritchie","Rite","RiverNorth","RiverNorth","RiverNorth","RiverNorth","RiverNorth","RiverNorth","RiverNorth/DoubleLine","RiverNorth/DoubleLine","Riverview","Riverview","RLI","RLJ","RLJ","RMG","RMG","RMG","RMR","Robert","Rocket","Rocket","Rockwell","Rockwell","Rocky","Rocky","Rogers","Rogers","Roku","Rollins","Roman","Root","Roper","Ross","Roth","Roth","Roth","Royal","Royal","Royal","Royal","Royal","Royal","Royalty","Royce","Royce","Royce","RPC","RPM","RPT","RPT","Rubicon","Rubius","Ruhnn","RumbleOn","Rush","Rush","Ruth&#39;s","Ryanair","RYB","Ryder","Ryerson","Ryman","S&P","S&T","S&W","Sabine","Sabra","Sabre","Sabre","Sachem","Sachem","Sachem","Sachem","Safe","Safe","Safe","Safeguard","Safehold","Safe-T","Safety","Saga","Sage","Saia","SailPoint","Salarius","Salem","Salesforce.com","Salient","Salisbury","Sally","San","Sanara","Sanchez","Sandbridge","Sandbridge","Sandbridge","Sanderson","SandRidge","Sandstorm","Sandy","Sangamo","Sanmina","Sanofi","Santander","SAP","Sapiens","Saratoga","Saratoga","Saratoga","Sarepta","Sarissa","Sasol","Satsuma","Saul","Saul","Saul","Savara","SB","SBA","SC","SC","SC","ScanSource","Schlumberger","Schmitt","Schneider","Schnitzer","Scholar","Scholastic","Schrodinger","Schultze","Schultze","Schultze","Schweitzer-Mauduit","SCIENCE","Scienjoy","Scientific","SciPlay","Scorpio","Scorpio","Scorpio","Scotts","scPharmaceuticals","Scudder","Scudder","Scully","Sculptor","SCVX","SCVX","SCVX","SCWorx","SCYNEXIS","Sea","Seaboard","Seabridge","SeaChange","Seacoast","SEACOR","SEACOR","Seagate","Seagen","Sealed","Seanergy","Seanergy","Seanergy","SeaSpine","SeaWorld","Second","Second","Secoo","SecureWorks","Security","Seelos","SEI","Select","Select","Select","Select","Selecta","Selective","SelectQuote","SELLAS","SemiLEDS","Sempra","Sempra","Sempra","Sempra","Semtech","Seneca","Seneca","Seneca","SenesTech","Senmiao","Sensata","Senseonics","Sensient","Sensus","Sequans","Sequential","Seres","Seritage","Seritage","Service","Service","ServiceNow","ServiceSource","ServisFirst","Servotronics","Sesen","Severn","SFL","SG","SGOCO","Shake","Sharps","SharpSpring","Shattuck","Shaw","Shell","Shenandoah","Sherwin-Williams","Shift","Shift","Shift4","ShiftPixy","Shimmick","Shineco","Shinhan","ShockWave","Shoe","Shopify","Shore","ShotSpotter","Shutterstock","Sibanye","SI-BONE","Siebert","Sientra","Sierra","Sierra","Sierra","Sierra","SIFCO","Sify","SIGA","Sigma","Sigma","SigmaTron","Signature","Signet","Silence","Silgan","Silicom","Silicon","Silicon","Silk","Silver","Silver","Silver","SilverBow","Silvercorp","Silvercrest","SilverCrest","Silvergate","SilverSun","Simmons","Simon","Simon","Simpson","Simulations","Sina","Sinclair","Sino-Global","SINOPEC","Sinovac","SiNtx","Sio","Siren","Sirius","Sirius","SIRVA","SITE","SITE","SITE","SiteOne","SiTime","Six","Sixth","Siyata","Siyata","SJW","SK","Skechers","Skillful","Skyline","SkyWest","Skyworks","SL","SL","Slack","Sleep","SLM","SLM","SM","SMART","Smart","SmartFinancial","Smartsheet","SmileDirectClub","Smith","Smith","Smith","Smith-Midland","SMTC","Snap","Snap-On","Snowflake","SOC","SOC","Social","Social","Social","Social","Social","Social","Social","Social","Social","Sociedad","Socket","SoFi","Software","Software","Software","Sogou","Sohu.com","Solar","Solar","SolarEdge","Solaris","SolarWinds","Soleno","Sol-Gel","Solid","Soligenix","Soligenix","Solitario","Soliton","Sonic","Sonim","Sonnet","Sonoco","Sonoma","Sonos","Sony","Sorrento","SOS","Sotherly","Sotherly","Sotherly","Sotherly","Sound","Source","South","South","South","South","South","South","South","South","Southern","Southern","Southern","Southern","Southern","Southern","Southern","Southern","Southern","Southern","Southern","Southern","Southern","Southern","Southern","Southside","Southwest","Southwest","Southwestern","So-Young","SP","SPAR","Spark","Spark","Spark","Spartacus","Spartacus","Spartacus","SpartanNash","SPDR","Special","Special","Spectrum","Spectrum","Spero","Sphere","SPI","Spinal","Spire","Spire","Spirit","Spirit","Spirit","Spirit","Spirit","Spirit","Splunk","Spok","Sports","Sportsman&#39;s","Spotify","Sprague","Spring","SpringWorks","Sprott","Sprott","Sprout","Sprouts","Spruce","SPS","SPX","SPX","Square","SQZ","SRAX","SS&C","SSR","St.","STAAR","Stable","Stable","Stable","Staffing","Stag","Stag","Stamps.com","Standard","Standard","Standex","Stanley","Stanley","Stantec","Star","Star","Star","Star","Star","Star","Starboard","Starboard","Starboard","Starbucks","StarTek","STARWOOD","State","State","State","State","Stealth","StealthGas","Steel","Steel","Steel","Steel","Steelcase","Stellus","Stellus","Stepan","StepStone","Stereotaxis","Stericycle","STERIS","Sterling","Sterling","Sterling","Sterling","Steven","Stewart","Stifel","Stifel","Stifel","Stifel","Stifel","Stitch","STMicroelectronics","Stock","Stoke","Stone","Stone","StoneCastle","StoneCo","StoneMor","Stoneridge","StoneX","STORE","Strata","Stratasys","Strategic","Strategy","STRATS","STRATS","STRATS","Strattec","Stratus","Streamline","Strongbridge","Stryker","Studio","Sturm","Suburban","Sumitomo","Summer","Summit","Summit","Summit","Summit","Summit","Summit","Summit","Summit","Summit","Sumo","Sun","Sun","Sun","SunCoke","Suncor","Sundance","Sundial","Sunesis","Sunlands","SunLink","Sunnova","Sunoco","SunOpta","SunPower","Sunrun","Sunstone","Sunstone","Sunstone","Sunworks","Super","Super","SuperCom","Superior","Superior","Superior","Supernova","Supernus","support.com","Surface","Surgalign","Surgery","Surmodics","SuRo","Sustainable","Sustainable","Sustainable","Sutro","Suzano","SVB","SVB","SVMK","Swiss","Switch","Switchback","Switchback","Switchback","SWK","Sykes","Synacor","Synalloy","Synaptics","Synchronoss","Synchrony","Synchrony","Syndax","Syneos","Synlogic","Synnex","Synopsys","Synovus","Synovus","Synovus","Synthetic","Synthetic","Synthetic","Synthetic","Sypris","Syros","Sysco","Systemax","T.","T2","Tabula","Tactile","Tailwind","Tailwind","Tailwind","Taitron","Taiwan","Taiwan","Taiwan","Takeda","Take-Two","Takung","TAL","Talend","Talos","Talos","Tandem","Tanger","Tantech","Tanzanian","Taoping","Tapestry","Tarena","Targa","Targa","Target","Target","Target","Taro","Tarsus","Taseko","TAT","Tata","Tattooed","Tattooed","Taubman","Taubman","Taubman","Taylor","Taylor","Taysha","TC","TC","TCF","TCF","TCG","TCR2","TCW","TD","TDH","TE","Team","Technical","TechnipFMC","TechTarget","Teck","Tecnoglass","Tectonic","Teekay","Teekay","Teekay","Teekay","Teekay","TEGNA","Tejon","Tekkorp","Tekla","Tekla","Tekla","Tekla","TELA","Teladoc","Telecom","Teledyne","Teleflex","Telefonica","Telefonica","Telenav","Telephone","Telephone","Telephone","Telephone","Telephone","Teligent","Tellurian","TELUS","Templeton","Templeton","Templeton","Templeton","Tempur","Tenable","Tenaris","Tenax","Tencent","Tenet","Tengasco","Tennant","Tenneco","Tennessee","Tennessee","Tenzing","Tenzing","Tenzing","Teradata","Teradyne","Terex","Terminix","Ternium","Terreno","Territorial","Tesla","TESSCO","Tetra","Tetra","Teva","Texas","Texas","Texas","Texas","Texas","Texas","Textainer","Textron","TFF","TFI","TFS","TG","Thayer","Thayer","The","The","The","The","The","The","The","The","The","The","The","The","The","The","The","The","The","The","The","The","The","The","The","The","The","The","The","The","The","The","The","The","The","The","The","The","The","The","The","The","The","The","The","The","The","The","The","The","The","The","The","The","The","The","The","The","The","The","The","The","The","The9","Therapeutics","TherapeuticsMD","Theratechnologies","Theravance","Thermo","ThermoGenesis","Thermon","Third","Thomson","Thor","Thryv","Thunder","Thunder","Thunder","Tidewater","Tidewater","Tidewater","Tidewater","Tiffany","Tilly&#39;s","Tilray","TIM","Timber","Timberland","Timken","TimkenSteel","Tiptree","Titan","Titan","Titan","Titan","Tivity","Tiziana","TJX","T-Mobile","Toll","TOMI","Tompkins","Tonix","Tootsie","TOP","TopBuild","Torchlight","TORM","Toro","Toronto","Tortoise","Tortoise","Tortoise","Tortoise","Tortoise","Tortoise","Tortoise","Tortoise","Tortoise","Total","Tottenham","Tottenham","Tottenham","Tottenham","ToughBuilt","ToughBuilt","Tower","Towne","Townsquare","Toyota","TPG","TPG","TPG","TPI","TRACON","Tractor","Tradeweb","Trane","TransAct","TransAlta","Transatlantic","Transcat","Transcontinental","Transdigm","TransEnterix","TransGlobe","Translate","TransMedics","Transocean","Transportadora","TransUnion","TravelCenters","TravelCenters","TravelCenters","TravelCenters","Travelzoo","Trean","Trebia","Trebia","Trebia","Trecora","Tredegar","Treehouse","Tremont","Trevena","Trevi","Trex","Tri","Tri","TRI","Tribune","Tricida","TriCo","Trident","Trident","Trident","Trillium","Trilogy","TriMas","Trimble","Trine","Trine","Trine","TriNet","Trinity","Trinity","Trinity","Trinseo","Trio-Tech","Trip.com","TripAdvisor","TriplePoint","TriplePoint","Triple-S","TriState","TriState","TriState","Triterras","Triterras","Triton","Triton","Triton","Triton","Triton","Triumph","Triumph","Triumph","trivago","Tronox","TrueBlue","TrueCar","Truist","Truist","Truist","Truist","Truist","Truist","Truist","Trupanion","TrustCo","Trustmark","Trxade","TS","Tsakos","Tsakos","Tsakos","Tsakos","TSR","TTEC","TTM","TuanChe","Tucows","Tufin","Tuniu","Tupperware","Turkcell","Turmeric","Turning","Turning","Turquoise","Turtle","Tuscan","Tuscan","Tuscan","Tuscan","Tuscan","Tuscan","Tutor","TWC","TWC","TWC","Twilio","Twin","Twist","Twitter","Two","Two","Two","Two","Two","Two","Tyler","Tyme","Tyson","U","U.S.","U.S.","U.S.","U.S.","U.S.","U.S.","U.S.","U.S.","U.S.","U.S.","U.S.","U.S.","U.S.","U.S.","U.S.","Uber","Ubiquiti","UBS","uCloudlink","UDR","UFP","UFP","UGI","Ulta","Ultra","Ultragenyx","Ultralife","Ultrapar","UMB","UMH","UMH","UMH","Umpqua","Under","Under","Unico","Unifi","Unifirst","Unilever","Unilever","Union","Union","Union","Union","Union","Unique","uniQure","Unisys","United","United","United","United","United","United","United","United","United","United","United","United","United","United","United","United","United","United","United","United","United","United","United","United-Guardian","UnitedHealth","Uniti","UNITIL","Unity","Unity","Unity","Univar","Universal","Universal","Universal","Universal","Universal","UNIVERSAL","Universal","Universal","Universal","Universal","Univest","Unum","Unum","UP","UP","Upland","Upwork","Ur","Uranium","Urban","Urban","Urban","Urban","Urban","UroGen","Urovant","Urstadt","Urstadt","Urstadt","Urstadt","US","US","US","USA","USA","USANA","USD","Usio","USLIFE","Utah","UTStarcom","Utz","Utz","Uxin","V.F.","VAALCO","Vaccinex","Vail","VALE","Valero","Valhi","Valley","Valley","Valley","Valmont","Valtech","Value","Valvoline","Vanda","VanEck","VanEck","VanEck","VanEck","VanEck","VanEck","VanEck","Vanguard","Vanguard","Vanguard","Vanguard","Vanguard","Vanguard","Vanguard","Vanguard","Vanguard","Vanguard","Vanguard","Vanguard","Vanguard","Vanguard","Vanguard","Vanguard","Vanguard","Vanguard","Vanguard","Vanguard","Vanguard","Vanguard","Vanguard","Vanguard","Vapotherm","Varex","Varian","Varonis","Vascular","Vasta","Vaxart","Vaxcyte","VBI","Vector","Vector","Vector","Vector","Vectrus","Vedanta","Veeco","Veeva","Velocity","Velodyne","Velodyne","Venator","Ventas","Venus","VEON","Veoneer","Vera","Veracyte","Verastem","Verb","Verb","VEREIT","VEREIT","Vericel","Vericity","VerifyMe","VerifyMe","Verint","VeriSign","Verisk","Veritex","Veritiv","Veritone","Verizon","Vermilion","Verona","Verra","Verrica","Verso","Vertex","Vertex","Vertex","Vertical","Vertiv","Vertiv","Vertiv","Veru","Vesper","VG","VIA","ViacomCBS","ViacomCBS","Viad","ViaSat","Viatris","Viavi","VICI","Vicor","Victory","VictoryShares","VictoryShares","VictoryShares","VictoryShares","VictoryShares","VictoryShares","VictoryShares","VictoryShares","VictoryShares","VictoryShares","VictoryShares","VictoryShares","VictoryShares","VictoryShares","VictoryShares","VictoryShares","VictoryShares","Viela","Viemed","ViewRay","Viking","Viking","Village","Village","Village","Vince","Vinco","Viomi","Viper","Vipshop","Vir","Virco","Virgin","VirnetX","VirTra","Virtu","Virtus","Virtus","Virtus","Virtus","Virtus","Virtusa","Visa","Vishay","Vishay","Vislink","Vista","Vista","Vista","VistaGen","Vistas","Vistas","Vistas","Visteon","Vistra","Vistra","Vital","Vitru","Viveve","Vivint","Vivint","VivoPower","Vmware","VOC","Vocera","Vodafone","VolitionRX","Volt","Vonage","Vontier","Vornado","Vornado","Vornado","Vornado","voxeljet","VOXX","Voya","Voya","Voya","Voya","Voya","Voya","Voya","Voya","Voya","Voya","Voyager","VPC","VPC","VPC","Vroom","VSE","vTv","Vulcan","Vuzix","Vy","VYNE","W&T","W.","W.R.","W.R.","W.R.","W.R.","W.R.","W.R.","W.R.","W.W.","Wabash","Waddell","Wah","Wahed","Waitr","Walgreens","Walker","Walmart","Walt","Wanda","Warner","Warrior","Washington","Washington","Washington","Washington","Washington","Washington","Waste","Waste","Waters","Waterstone","Watford","Watford","Watsco","Watsco","Watts","WAVE","Wayfair","Wayne","Wayside","WD-40","Webster","Webster","WEC","Weibo","Weidai","Weingarten","Weis","Welbilt","Wells","Wells","Wells","Wells","Wells","Wells","Wells","Wells","Wells","Wells","Wells","Wells","Wells","Wells","Wells","Wells","Wells","Wells","Welltower","Wendy&#39;s","Werner","WesBanco","WesBanco","WESCO","WESCO","West","West","Westamerica","Western","Western","Western","Western","Western","Western","Western","Western","Western","Western","Western","Western","Western","Western","Western","Western","Western","Western","Western","Western","Western","Western","Western","Western","Western","Western","Western","Western","Western","Westinghouse","Westlake","Westlake","Westpac","Westport","Westrock","Westwater","Westwood","WEX","Weyco","Weyerhaeuser","Wheaton","Wheeler","Wheeler","Wheeler","Whirlpool","White","WhiteHorse","WhiteHorse","Whitestone","Whiting","Whole","Whole","WideOpenWest","WidePoint","Wilhelmina","Willamette","Willamette","Willdan","Williams","Williams-Sonoma","Willis","Willis","WillScot","WiMi","Windtree","Wingstop","Winmark","Winnebago","Wintrust","Wintrust","Wintrust","Wipro","Wireless","WisdomTree","WisdomTree","WisdomTree","WisdomTree","WisdomTree","WisdomTree","WisdomTree","WisdomTree","WisdomTree","WisdomTree","WisdomTree","WISeKey","Wix.com","WNS","Wolverine","Woodward","Woori","Workday","Workhorse","Workiva","World","World","World","Worthington","WPP","WPX","Wrap","WSFS","WVS","WW","Wyndham","Wyndham","Wynn","X","X4","XAI","XBiotech","Xcel","Xcel","Xencor","Xenetic","Xenetic","Xenia","Xenon","Xeris","Xerox","Xilinx","Xinyuan","XOMA","XP","XPEL","XPeng","Xperi","XPO","XpresSpa","Xtant","XTL","Xunlei","Xylem","Yalla","Yamana","Yandex","Yatra","Yellowstone","Yelp","YETI","Yext","Yield10","Yintech","Yiren","Y-mAbs","Youdao","Youngevity","Youngevity","YPF","YRC","Yucaipa","Yucaipa","Yucaipa","Yum","Yum!","Yunhong","Yunhong","Yunhong","Yunhong","Yunhong","Yunji","ZAGG","Zai","Zealand","Zebra","Zedge","Zendesk","Zentalis","ZHONGCHAO","Zillow","Zillow","Zimmer","Zions","Zions","Zions","Zions","Zions","ZIOPHARM","Zix","ZK","Zoetis","Zogenix","Zomedica","Zoom","ZoomInfo","Zosano","Zovio","Zscaler","ZTO","Zumiez","Zuora","ZW","Zymeworks","Zynerba","Zynex","Zynga"
